search_text,document_id,document_type,trade,certification_group,importance,selection_rule,certification_name,ncs_code,review_status,source_file
"직종 건축목공시공의 NCS 능력은 건축목공시공 계획수립이며 NCS 코드는 1403020103_14v2, 세분류는 건축목공시공이다.",ability-requirement-00001,NCS 능력 요구사항,건축목공시공,,,,,1403020103_14v2,구조화원본,직종별_능력요건.csv
"직종 건축목공시공의 NCS 능력은 건축목공시공 도면파악이며 NCS 코드는 1403020101_14v2, 세분류는 건축목공시공이다.",ability-requirement-00002,NCS 능력 요구사항,건축목공시공,,,,,1403020101_14v2,구조화원본,직종별_능력요건.csv
"직종 건축목공시공의 NCS 능력은 건축목공시공 현장안전이며 NCS 코드는 1403020102_14v2, 세분류는 건축목공시공이다.",ability-requirement-00003,NCS 능력 요구사항,건축목공시공,,,,,1403020102_14v2,구조화원본,직종별_능력요건.csv
"직종 건축목공시공의 NCS 능력은 검사 하자보수이며 NCS 코드는 1403020112_14v2, 세분류는 건축목공시공이다.",ability-requirement-00004,NCS 능력 요구사항,건축목공시공,,,,,1403020112_14v2,구조화원본,직종별_능력요건.csv
"직종 건축목공시공의 NCS 능력은 구조물 제작설치이며 NCS 코드는 1403020106_14v2, 세분류는 건축목공시공이다.",ability-requirement-00005,NCS 능력 요구사항,건축목공시공,,,,,1403020106_14v2,구조화원본,직종별_능력요건.csv
"직종 건축목공시공의 NCS 능력은 먹매김이며 NCS 코드는 1403020105_14v2, 세분류는 건축목공시공이다.",ability-requirement-00006,NCS 능력 요구사항,건축목공시공,,,,,1403020105_14v2,구조화원본,직종별_능력요건.csv
"직종 건축목공시공의 NCS 능력은 목재창호 제작설치이며 NCS 코드는 1403020110_14v2, 세분류는 건축목공시공이다.",ability-requirement-00007,NCS 능력 요구사항,건축목공시공,,,,,1403020110_14v2,구조화원본,직종별_능력요건.csv
"직종 건축목공시공의 NCS 능력은 바닥 설치이며 NCS 코드는 1403020107_14v2, 세분류는 건축목공시공이다.",ability-requirement-00008,NCS 능력 요구사항,건축목공시공,,,,,1403020107_14v2,구조화원본,직종별_능력요건.csv
"직종 건축목공시공의 NCS 능력은 벽 설치이며 NCS 코드는 1403020108_14v2, 세분류는 건축목공시공이다.",ability-requirement-00009,NCS 능력 요구사항,건축목공시공,,,,,1403020108_14v2,구조화원본,직종별_능력요건.csv
"직종 건축목공시공의 NCS 능력은 보양 현장정리이며 NCS 코드는 1403020111_14v2, 세분류는 건축목공시공이다.",ability-requirement-00010,NCS 능력 요구사항,건축목공시공,,,,,1403020111_14v2,구조화원본,직종별_능력요건.csv
"직종 건축목공시공의 NCS 능력은 시공준비이며 NCS 코드는 1403020104_14v2, 세분류는 건축목공시공이다.",ability-requirement-00011,NCS 능력 요구사항,건축목공시공,,,,,1403020104_14v2,구조화원본,직종별_능력요건.csv
"직종 건축목공시공의 NCS 능력은 천장 설치이며 NCS 코드는 1403020109_14v2, 세분류는 건축목공시공이다.",ability-requirement-00012,NCS 능력 요구사항,건축목공시공,,,,,1403020109_14v2,구조화원본,직종별_능력요건.csv
"직종 철근콘크리트시공의 NCS 능력은 거푸집 설치이며 NCS 코드는 1403020606_22v3, 세분류는 철근콘크리트시공이다.",ability-requirement-00013,NCS 능력 요구사항,철근콘크리트시공,,,,,1403020606_22v3,구조화원본,직종별_능력요건.csv
"직종 철근콘크리트시공의 NCS 능력은 시공 전 준비이며 NCS 코드는 1403020604_22v3, 세분류는 철근콘크리트시공이다.",ability-requirement-00014,NCS 능력 요구사항,철근콘크리트시공,,,,,1403020604_22v3,구조화원본,직종별_능력요건.csv
"직종 철근콘크리트시공의 NCS 능력은 자재관리이며 NCS 코드는 1403020605_22v3, 세분류는 철근콘크리트시공이다.",ability-requirement-00015,NCS 능력 요구사항,철근콘크리트시공,,,,,1403020605_22v3,구조화원본,직종별_능력요건.csv
"직종 철근콘크리트시공의 NCS 능력은 철근가공 조립검사이며 NCS 코드는 1403020607_22v3, 세분류는 철근콘크리트시공이다.",ability-requirement-00016,NCS 능력 요구사항,철근콘크리트시공,,,,,1403020607_22v3,구조화원본,직종별_능력요건.csv
"직종 철근콘크리트시공의 NCS 능력은 철근콘크리트시공 계획수립이며 NCS 코드는 1403020603_22v3, 세분류는 철근콘크리트시공이다.",ability-requirement-00017,NCS 능력 요구사항,철근콘크리트시공,,,,,1403020603_22v3,구조화원본,직종별_능력요건.csv
"직종 철근콘크리트시공의 NCS 능력은 철근콘크리트시공 설계도서검토이며 NCS 코드는 1403020601_22v4, 세분류는 철근콘크리트시공이다.",ability-requirement-00018,NCS 능력 요구사항,철근콘크리트시공,,,,,1403020601_22v4,구조화원본,직종별_능력요건.csv
"직종 철근콘크리트시공의 NCS 능력은 철근콘크리트시공 현장안전관리이며 NCS 코드는 1403020602_22v3, 세분류는 철근콘크리트시공이다.",ability-requirement-00019,NCS 능력 요구사항,철근콘크리트시공,,,,,1403020602_22v3,구조화원본,직종별_능력요건.csv
"직종 철근콘크리트시공의 NCS 능력은 콘크리트 양생 후 검사·보수이며 NCS 코드는 1403020610_22v3, 세분류는 철근콘크리트시공이다.",ability-requirement-00020,NCS 능력 요구사항,철근콘크리트시공,,,,,1403020610_22v3,구조화원본,직종별_능력요건.csv
"직종 철근콘크리트시공의 NCS 능력은 콘크리트 타설 양생이며 NCS 코드는 1403020609_22v3, 세분류는 철근콘크리트시공이다.",ability-requirement-00021,NCS 능력 요구사항,철근콘크리트시공,,,,,1403020609_22v3,구조화원본,직종별_능력요건.csv
"직종 철근콘크리트시공의 NCS 능력은 콘크리트 타설 전 준비이며 NCS 코드는 1403020608_22v3, 세분류는 철근콘크리트시공이다.",ability-requirement-00022,NCS 능력 요구사항,철근콘크리트시공,,,,,1403020608_22v3,구조화원본,직종별_능력요건.csv
"직종 철근콘크리트시공의 NCS 능력은 콘크리트 타설작업이며 NCS 코드는 1407030118_16v2, 세분류는 콘크리트공기계운전이다.",ability-requirement-00023,NCS 능력 요구사항,철근콘크리트시공,,,,,1407030118_16v2,구조화원본,직종별_능력요건.csv
"직종 방수시공의 NCS 능력은 규산질계 도포 방수이며 NCS 코드는 1403020306_14v2, 세분류는 방수시공이다.",ability-requirement-00024,NCS 능력 요구사항,방수시공,,,,,1403020306_14v2,구조화원본,직종별_능력요건.csv
"직종 방수시공의 NCS 능력은 도막 방수이며 NCS 코드는 1403020308_14v2, 세분류는 방수시공이다.",ability-requirement-00025,NCS 능력 요구사항,방수시공,,,,,1403020308_14v2,구조화원본,직종별_능력요건.csv
"직종 방수시공의 NCS 능력은 바탕처리이며 NCS 코드는 1403020304_21v3, 세분류는 방수시공이다.",ability-requirement-00026,NCS 능력 요구사항,방수시공,,,,,1403020304_21v3,구조화원본,직종별_능력요건.csv
"직종 방수시공의 NCS 능력은 방수 검사이며 NCS 코드는 1403020310_14v2, 세분류는 방수시공이다.",ability-requirement-00027,NCS 능력 요구사항,방수시공,,,,,1403020310_14v2,구조화원본,직종별_능력요건.csv
"직종 방수시공의 NCS 능력은 방수면 보호이며 NCS 코드는 1403020311_14v2, 세분류는 방수시공이다.",ability-requirement-00028,NCS 능력 요구사항,방수시공,,,,,1403020311_14v2,구조화원본,직종별_능력요건.csv
"직종 방수시공의 NCS 능력은 방수시공 계획수립이며 NCS 코드는 1403020303_14v2, 세분류는 방수시공이다.",ability-requirement-00029,NCS 능력 요구사항,방수시공,,,,,1403020303_14v2,구조화원본,직종별_능력요건.csv
"직종 방수시공의 NCS 능력은 방수시공 도면파악이며 NCS 코드는 1403020301_14v2, 세분류는 방수시공이다.",ability-requirement-00030,NCS 능력 요구사항,방수시공,,,,,1403020301_14v2,구조화원본,직종별_능력요건.csv
"직종 방수시공의 NCS 능력은 방수시공 현장안전이며 NCS 코드는 1403020302_21v3, 세분류는 방수시공이다.",ability-requirement-00031,NCS 능력 요구사항,방수시공,,,,,1403020302_21v3,구조화원본,직종별_능력요건.csv
"직종 방수시공의 NCS 능력은 시멘트 액체 방수이며 NCS 코드는 1403020305_14v2, 세분류는 방수시공이다.",ability-requirement-00032,NCS 능력 요구사항,방수시공,,,,,1403020305_14v2,구조화원본,직종별_능력요건.csv
"직종 방수시공의 NCS 능력은 시트 방수이며 NCS 코드는 1403020307_14v2, 세분류는 방수시공이다.",ability-requirement-00033,NCS 능력 요구사항,방수시공,,,,,1403020307_14v2,구조화원본,직종별_능력요건.csv
"직종 방수시공의 NCS 능력은 실링 방수이며 NCS 코드는 1403020309_14v2, 세분류는 방수시공이다.",ability-requirement-00034,NCS 능력 요구사항,방수시공,,,,,1403020309_14v2,구조화원본,직종별_능력요건.csv
"직종 조적미장시공의 NCS 능력은 기준설정 및 규준틀 설치이며 NCS 코드는 1403020205_24v4, 세분류는 조적미장시공이다.",ability-requirement-00035,NCS 능력 요구사항,조적미장시공,,,,,1403020205_24v4,구조화원본,직종별_능력요건.csv
"직종 조적미장시공의 NCS 능력은 단열 모르타르 바름이며 NCS 코드는 1403020210_18v3, 세분류는 조적미장시공이다.",ability-requirement-00036,NCS 능력 요구사항,조적미장시공,,,,,1403020210_18v3,구조화원본,직종별_능력요건.csv
"직종 조적미장시공의 NCS 능력은 모르타르 바닥미장이며 NCS 코드는 1403020211_24v4, 세분류는 조적미장시공이다.",ability-requirement-00037,NCS 능력 요구사항,조적미장시공,,,,,1403020211_24v4,구조화원본,직종별_능력요건.csv
"직종 조적미장시공의 NCS 능력은 모르타르 벽미장이며 NCS 코드는 1403020209_18v3, 세분류는 조적미장시공이다.",ability-requirement-00038,NCS 능력 요구사항,조적미장시공,,,,,1403020209_18v3,구조화원본,직종별_능력요건.csv
"직종 조적미장시공의 NCS 능력은 모서리 및 벽면 비드설치이며 NCS 코드는 1403020208_18v3, 세분류는 조적미장시공이다.",ability-requirement-00039,NCS 능력 요구사항,조적미장시공,,,,,1403020208_18v3,구조화원본,직종별_능력요건.csv
"직종 조적미장시공의 NCS 능력은 벽돌 쌓기 작업이며 NCS 코드는 1403020206_24v4, 세분류는 조적미장시공이다.",ability-requirement-00040,NCS 능력 요구사항,조적미장시공,,,,,1403020206_24v4,구조화원본,직종별_능력요건.csv
"직종 조적미장시공의 NCS 능력은 블록 쌓기 작업이며 NCS 코드는 1403020207_24v4, 세분류는 조적미장시공이다.",ability-requirement-00041,NCS 능력 요구사항,조적미장시공,,,,,1403020207_24v4,구조화원본,직종별_능력요건.csv
"직종 조적미장시공의 NCS 능력은 조적미장시공 계획수립이며 NCS 코드는 1403020203_24v4, 세분류는 조적미장시공이다.",ability-requirement-00042,NCS 능력 요구사항,조적미장시공,,,,,1403020203_24v4,구조화원본,직종별_능력요건.csv
"직종 조적미장시공의 NCS 능력은 조적미장시공 도면검토이며 NCS 코드는 1403020201_24v4, 세분류는 조적미장시공이다.",ability-requirement-00043,NCS 능력 요구사항,조적미장시공,,,,,1403020201_24v4,구조화원본,직종별_능력요건.csv
"직종 조적미장시공의 NCS 능력은 조적미장시공 보양 청소이며 NCS 코드는 1403020212_24v4, 세분류는 조적미장시공이다.",ability-requirement-00044,NCS 능력 요구사항,조적미장시공,,,,,1403020212_24v4,구조화원본,직종별_능력요건.csv
"직종 조적미장시공의 NCS 능력은 조적미장시공 작업준비이며 NCS 코드는 1403020204_24v4, 세분류는 조적미장시공이다.",ability-requirement-00045,NCS 능력 요구사항,조적미장시공,,,,,1403020204_24v4,구조화원본,직종별_능력요건.csv
"직종 타일석공시공의 NCS 능력은 석재붙임이며 NCS 코드는 1403021706_19v3, 세분류는 석재시공이다.",ability-requirement-00046,NCS 능력 요구사항,타일석공시공,,,,,1403021706_19v3,구조화원본,직종별_능력요건.csv
"직종 타일석공시공의 NCS 능력은 석재시공 검사 보수이며 NCS 코드는 1403021707_19v3, 세분류는 석재시공이다.",ability-requirement-00047,NCS 능력 요구사항,타일석공시공,,,,,1403021707_19v3,구조화원본,직종별_능력요건.csv
"직종 타일석공시공의 NCS 능력은 석재시공 계획수립이며 NCS 코드는 1403021703_19v3, 세분류는 석재시공이다.",ability-requirement-00048,NCS 능력 요구사항,타일석공시공,,,,,1403021703_19v3,구조화원본,직종별_능력요건.csv
"직종 타일석공시공의 NCS 능력은 석재시공 도서파악이며 NCS 코드는 1403021701_19v3, 세분류는 석재시공이다.",ability-requirement-00049,NCS 능력 요구사항,타일석공시공,,,,,1403021701_19v3,구조화원본,직종별_능력요건.csv
"직종 타일석공시공의 NCS 능력은 석재시공 바탕면 준비이며 NCS 코드는 1403021705_19v3, 세분류는 석재시공이다.",ability-requirement-00050,NCS 능력 요구사항,타일석공시공,,,,,1403021705_19v3,구조화원본,직종별_능력요건.csv
"직종 타일석공시공의 NCS 능력은 석재시공 작업 준비이며 NCS 코드는 1403021704_19v3, 세분류는 석재시공이다.",ability-requirement-00051,NCS 능력 요구사항,타일석공시공,,,,,1403021704_19v3,구조화원본,직종별_능력요건.csv
"직종 타일석공시공의 NCS 능력은 석재시공 청소 보양이며 NCS 코드는 1403021708_19v3, 세분류는 석재시공이다.",ability-requirement-00052,NCS 능력 요구사항,타일석공시공,,,,,1403021708_19v3,구조화원본,직종별_능력요건.csv
"직종 타일석공시공의 NCS 능력은 석재시공 현장안전이며 NCS 코드는 1403021702_19v3, 세분류는 석재시공이다.",ability-requirement-00053,NCS 능력 요구사항,타일석공시공,,,,,1403021702_19v3,구조화원본,직종별_능력요건.csv
"직종 타일석공시공의 NCS 능력은 석재 가공이며 NCS 코드는 1402021104_14v2, 세분류는 석축이다.",ability-requirement-00054,NCS 능력 요구사항,타일석공시공,,,,,1402021104_14v2,구조화원본,직종별_능력요건.csv
"직종 타일석공시공의 NCS 능력은 바닥 타일붙임이며 NCS 코드는 1403020411_19v3, 세분류는 타일시공이다.",ability-requirement-00055,NCS 능력 요구사항,타일석공시공,,,,,1403020411_19v3,구조화원본,직종별_능력요건.csv
"직종 타일석공시공의 NCS 능력은 벽 타일붙임이며 NCS 코드는 1403020410_19v3, 세분류는 타일시공이다.",ability-requirement-00056,NCS 능력 요구사항,타일석공시공,,,,,1403020410_19v3,구조화원본,직종별_능력요건.csv
"직종 타일석공시공의 NCS 능력은 타일시공 검사 보수이며 NCS 코드는 1403020408_19v3, 세분류는 타일시공이다.",ability-requirement-00057,NCS 능력 요구사항,타일석공시공,,,,,1403020408_19v3,구조화원본,직종별_능력요건.csv
"직종 타일석공시공의 NCS 능력은 타일시공 계획수립이며 NCS 코드는 1403020403_19v3, 세분류는 타일시공이다.",ability-requirement-00058,NCS 능력 요구사항,타일석공시공,,,,,1403020403_19v3,구조화원본,직종별_능력요건.csv
"직종 타일석공시공의 NCS 능력은 타일시공 도면파악이며 NCS 코드는 1403020401_19v3, 세분류는 타일시공이다.",ability-requirement-00059,NCS 능력 요구사항,타일석공시공,,,,,1403020401_19v3,구조화원본,직종별_능력요건.csv
"직종 타일석공시공의 NCS 능력은 타일시공 바탕면 준비이며 NCS 코드는 1403020405_19v3, 세분류는 타일시공이다.",ability-requirement-00060,NCS 능력 요구사항,타일석공시공,,,,,1403020405_19v3,구조화원본,직종별_능력요건.csv
"직종 타일석공시공의 NCS 능력은 타일시공 작업 준비이며 NCS 코드는 1403020404_19v3, 세분류는 타일시공이다.",ability-requirement-00061,NCS 능력 요구사항,타일석공시공,,,,,1403020404_19v3,구조화원본,직종별_능력요건.csv
"직종 타일석공시공의 NCS 능력은 타일시공 청소 보양이며 NCS 코드는 1403020409_19v3, 세분류는 타일시공이다.",ability-requirement-00062,NCS 능력 요구사항,타일석공시공,,,,,1403020409_19v3,구조화원본,직종별_능력요건.csv
"직종 타일석공시공의 NCS 능력은 타일시공 현장안전이며 NCS 코드는 1403020402_19v3, 세분류는 타일시공이다.",ability-requirement-00063,NCS 능력 요구사항,타일석공시공,,,,,1403020402_19v3,구조화원본,직종별_능력요건.csv
"직종 도장시공의 NCS 능력은 도장작업이며 NCS 코드는 1407060122_16v2, 세분류는 건설기계정비이다.",ability-requirement-00064,NCS 능력 요구사항,도장시공,,,,,1407060122_16v2,구조화원본,직종별_능력요건.csv
"직종 도장시공의 NCS 능력은 건축도장시공 검사이며 NCS 코드는 1403020513_14v2, 세분류는 건축도장시공이다.",ability-requirement-00065,NCS 능력 요구사항,도장시공,,,,,1403020513_14v2,구조화원본,직종별_능력요건.csv
"직종 도장시공의 NCS 능력은 건축도장시공 계획수립이며 NCS 코드는 1403020516_16v3, 세분류는 건축도장시공이다.",ability-requirement-00066,NCS 능력 요구사항,도장시공,,,,,1403020516_16v3,구조화원본,직종별_능력요건.csv
"직종 도장시공의 NCS 능력은 건축도장시공 도면파악이며 NCS 코드는 1403020501_14v2, 세분류는 건축도장시공이다.",ability-requirement-00067,NCS 능력 요구사항,도장시공,,,,,1403020501_14v2,구조화원본,직종별_능력요건.csv
"직종 도장시공의 NCS 능력은 건축도장시공 보수이며 NCS 코드는 1403020514_16v3, 세분류는 건축도장시공이다.",ability-requirement-00068,NCS 능력 요구사항,도장시공,,,,,1403020514_16v3,구조화원본,직종별_능력요건.csv
"직종 도장시공의 NCS 능력은 건축도장시공 현장안전이며 NCS 코드는 1403020502_14v2, 세분류는 건축도장시공이다.",ability-requirement-00069,NCS 능력 요구사항,도장시공,,,,,1403020502_14v2,구조화원본,직종별_능력요건.csv
"직종 도장시공의 NCS 능력은 건축도장시공설계도서검토이며 NCS 코드는 1403020515_16v3, 세분류는 건축도장시공이다.",ability-requirement-00070,NCS 능력 요구사항,도장시공,,,,,1403020515_16v3,구조화원본,직종별_능력요건.csv
"직종 도장시공의 NCS 능력은 도포면 바탕 처리이며 NCS 코드는 1403020504_16v3, 세분류는 건축도장시공이다.",ability-requirement-00071,NCS 능력 요구사항,도장시공,,,,,1403020504_16v3,구조화원본,직종별_능력요건.csv
"직종 도장시공의 NCS 능력은 목부 래커 도장이며 NCS 코드는 1403020509_14v2, 세분류는 건축도장시공이다.",ability-requirement-00072,NCS 능력 요구사항,도장시공,,,,,1403020509_14v2,구조화원본,직종별_능력요건.csv
"직종 도장시공의 NCS 능력은 목부 유성페인트 도장이며 NCS 코드는 1403020508_14v2, 세분류는 건축도장시공이다.",ability-requirement-00073,NCS 능력 요구사항,도장시공,,,,,1403020508_14v2,구조화원본,직종별_능력요건.csv
"직종 도장시공의 NCS 능력은 석고보드면 도장이며 NCS 코드는 1403020512_16v3, 세분류는 건축도장시공이다.",ability-requirement-00074,NCS 능력 요구사항,도장시공,,,,,1403020512_16v3,구조화원본,직종별_능력요건.csv
"직종 도장시공의 NCS 능력은 철부 래커 에나멜페인트 도장이며 NCS 코드는 1403020511_14v2, 세분류는 건축도장시공이다.",ability-requirement-00075,NCS 능력 요구사항,도장시공,,,,,1403020511_14v2,구조화원본,직종별_능력요건.csv
"직종 도장시공의 NCS 능력은 철부 유성페인트 도장이며 NCS 코드는 1403020510_14v2, 세분류는 건축도장시공이다.",ability-requirement-00076,NCS 능력 요구사항,도장시공,,,,,1403020510_14v2,구조화원본,직종별_능력요건.csv
"직종 도장시공의 NCS 능력은 콘크리트 우레탄 에폭시 도장이며 NCS 코드는 1403020507_16v3, 세분류는 건축도장시공이다.",ability-requirement-00077,NCS 능력 요구사항,도장시공,,,,,1403020507_16v3,구조화원본,직종별_능력요건.csv
"직종 도장시공의 NCS 능력은 콘크리트면 무늬코트 본타일 도장이며 NCS 코드는 1403020506_16v3, 세분류는 건축도장시공이다.",ability-requirement-00078,NCS 능력 요구사항,도장시공,,,,,1403020506_16v3,구조화원본,직종별_능력요건.csv
"직종 도장시공의 NCS 능력은 콘크리트면 수성페인트 도장이며 NCS 코드는 1403020505_14v2, 세분류는 건축도장시공이다.",ability-requirement-00079,NCS 능력 요구사항,도장시공,,,,,1403020505_14v2,구조화원본,직종별_능력요건.csv
"직종 비계시공의 NCS 능력은 거푸집 동바리 검사 점검이며 NCS 코드는 1403020810_20v3, 세분류는 가설시공이다.",ability-requirement-00080,NCS 능력 요구사항,비계시공,,,,,1403020810_20v3,구조화원본,직종별_능력요건.csv
"직종 비계시공의 NCS 능력은 거푸집 동바리 설치이며 NCS 코드는 1403020809_14v2, 세분류는 가설시공이다.",ability-requirement-00081,NCS 능력 요구사항,비계시공,,,,,1403020809_14v2,구조화원본,직종별_능력요건.csv
"직종 비계시공의 NCS 능력은 거푸집 동바리 시공계획 수립이며 NCS 코드는 1403020808_14v2, 세분류는 가설시공이다.",ability-requirement-00082,NCS 능력 요구사항,비계시공,,,,,1403020808_14v2,구조화원본,직종별_능력요건.csv
"직종 비계시공의 NCS 능력은 거푸집 동바리 해체 정리이며 NCS 코드는 1403020811_14v2, 세분류는 가설시공이다.",ability-requirement-00083,NCS 능력 요구사항,비계시공,,,,,1403020811_14v2,구조화원본,직종별_능력요건.csv
"직종 비계시공의 NCS 능력은 비계 설치이며 NCS 코드는 1403020805_14v2, 세분류는 가설시공이다.",ability-requirement-00084,NCS 능력 요구사항,비계시공,,,,,1403020805_14v2,구조화원본,직종별_능력요건.csv
"직종 비계시공의 NCS 능력은 비계 시공계획 수립이며 NCS 코드는 1403020804_14v2, 세분류는 가설시공이다.",ability-requirement-00085,NCS 능력 요구사항,비계시공,,,,,1403020804_14v2,구조화원본,직종별_능력요건.csv
"직종 비계시공의 NCS 능력은 비계 해체 정리이며 NCS 코드는 1403020807_14v2, 세분류는 가설시공이다.",ability-requirement-00086,NCS 능력 요구사항,비계시공,,,,,1403020807_14v2,구조화원본,직종별_능력요건.csv
"직종 비계시공의 NCS 능력은 가설구조물 설치이며 NCS 코드는 1402020907_22v3, 세분류는 철강재시공이다.",ability-requirement-00087,NCS 능력 요구사항,비계시공,,,,,1402020907_22v3,구조화원본,직종별_능력요건.csv
"직종 배관시공의 NCS 능력은 배관 도면해독이며 NCS 코드는 1403030502_15v1, 세분류는 배관시공이다.",ability-requirement-00088,NCS 능력 요구사항,배관시공,,,,,1403030502_15v1,구조화원본,직종별_능력요건.csv
"직종 배관시공의 NCS 능력은 배관 부대장치 시공이며 NCS 코드는 1403030506_21v2, 세분류는 배관시공이다.",ability-requirement-00089,NCS 능력 요구사항,배관시공,,,,,1403030506_21v2,구조화원본,직종별_능력요건.csv
"직종 배관시공의 NCS 능력은 배관 유지보수이며 NCS 코드는 1403030508_21v2, 세분류는 배관시공이다.",ability-requirement-00090,NCS 능력 요구사항,배관시공,,,,,1403030508_21v2,구조화원본,직종별_능력요건.csv
"직종 배관시공의 NCS 능력은 배관 자재(재료)준비이며 NCS 코드는 1403030503_21v2, 세분류는 배관시공이다.",ability-requirement-00091,NCS 능력 요구사항,배관시공,,,,,1403030503_21v2,구조화원본,직종별_능력요건.csv
"직종 배관시공의 NCS 능력은 배관검사이며 NCS 코드는 1403030507_21v2, 세분류는 배관시공이다.",ability-requirement-00092,NCS 능력 요구사항,배관시공,,,,,1403030507_21v2,구조화원본,직종별_능력요건.csv
"직종 배관시공의 NCS 능력은 배관시공 계획수립이며 NCS 코드는 1403030501_21v2, 세분류는 배관시공이다.",ability-requirement-00093,NCS 능력 요구사항,배관시공,,,,,1403030501_21v2,구조화원본,직종별_능력요건.csv
"직종 배관시공의 NCS 능력은 배관시공 안전관리이며 NCS 코드는 1403030509_21v2, 세분류는 배관시공이다.",ability-requirement-00094,NCS 능력 요구사항,배관시공,,,,,1403030509_21v2,구조화원본,직종별_능력요건.csv
"직종 배관시공의 NCS 능력은 배관작업이며 NCS 코드는 1403030504_21v2, 세분류는 배관시공이다.",ability-requirement-00095,NCS 능력 요구사항,배관시공,,,,,1403030504_21v2,구조화원본,직종별_능력요건.csv
"직종 배관시공의 NCS 능력은 특수배관 시공이며 NCS 코드는 1403030505_21v2, 세분류는 배관시공이다.",ability-requirement-00096,NCS 능력 요구사항,배관시공,,,,,1403030505_21v2,구조화원본,직종별_능력요건.csv
"직종 배관시공의 NCS 능력은 공정제어배관 시공이며 NCS 코드는 1404020307_20v3, 세분류는 플랜트계측설비시공이다.",ability-requirement-00097,NCS 능력 요구사항,배관시공,,,,,1404020307_20v3,구조화원본,직종별_능력요건.csv
"직종 용접의 NCS 능력은 CO2용접 가용접 작업이며 NCS 코드는 1601050205_21v4, 세분류는 CO2용접이다.",ability-requirement-00098,NCS 능력 요구사항,용접,,,,,1601050205_21v4,구조화원본,직종별_능력요건.csv
"직종 용접의 NCS 능력은 CO2용접 결함부 보수용접 작업이며 NCS 코드는 1601050209_21v3, 세분류는 CO2용접이다.",ability-requirement-00099,NCS 능력 요구사항,용접,,,,,1601050209_21v3,구조화원본,직종별_능력요건.csv
"직종 용접의 NCS 능력은 CO2용접 도면해독이며 NCS 코드는 1601050202_21v4, 세분류는 CO2용접이다.",ability-requirement-00100,NCS 능력 요구사항,용접,,,,,1601050202_21v4,구조화원본,직종별_능력요건.csv
"직종 용접의 NCS 능력은 CO2용접 용접부 검사이며 NCS 코드는 1601050208_21v3, 세분류는 CO2용접이다.",ability-requirement-00101,NCS 능력 요구사항,용접,,,,,1601050208_21v3,구조화원본,직종별_능력요건.csv
"직종 용접의 NCS 능력은 CO2용접 장비설치이며 NCS 코드는 1601050204_21v3, 세분류는 CO2용접이다.",ability-requirement-00102,NCS 능력 요구사항,용접,,,,,1601050204_21v3,구조화원본,직종별_능력요건.csv
"직종 용접의 NCS 능력은 CO2용접 재료준비이며 NCS 코드는 1601050203_21v2, 세분류는 CO2용접이다.",ability-requirement-00103,NCS 능력 요구사항,용접,,,,,1601050203_21v2,구조화원본,직종별_능력요건.csv
"직종 용접의 NCS 능력은 솔리드와이어 맞대기용접이며 NCS 코드는 1601050213_21v4, 세분류는 CO2용접이다.",ability-requirement-00104,NCS 능력 요구사항,용접,,,,,1601050213_21v4,구조화원본,직종별_능력요건.csv
"직종 용접의 NCS 능력은 솔리드와이어 필릿용접이며 NCS 코드는 1601050212_21v4, 세분류는 CO2용접이다.",ability-requirement-00105,NCS 능력 요구사항,용접,,,,,1601050212_21v4,구조화원본,직종별_능력요건.csv
"직종 용접의 NCS 능력은 솔리드와이어용접 비드쌓기이며 NCS 코드는 1601050211_21v4, 세분류는 CO2용접이다.",ability-requirement-00106,NCS 능력 요구사항,용접,,,,,1601050211_21v4,구조화원본,직종별_능력요건.csv
"직종 용접의 NCS 능력은 플럭스코어드와이어 맞대기용접이며 NCS 코드는 1601050216_21v4, 세분류는 CO2용접이다.",ability-requirement-00107,NCS 능력 요구사항,용접,,,,,1601050216_21v4,구조화원본,직종별_능력요건.csv
"직종 용접의 NCS 능력은 플럭스코어드와이어 비드쌓기이며 NCS 코드는 1601050214_21v4, 세분류는 CO2용접이다.",ability-requirement-00108,NCS 능력 요구사항,용접,,,,,1601050214_21v4,구조화원본,직종별_능력요건.csv
"직종 용접의 NCS 능력은 플럭스코어드와이어 필릿용접이며 NCS 코드는 1601050215_21v4, 세분류는 CO2용접이다.",ability-requirement-00109,NCS 능력 요구사항,용접,,,,,1601050215_21v4,구조화원본,직종별_능력요건.csv
"직종 용접의 NCS 능력은 가스메탈아크용접 가용접 작업이며 NCS 코드는 1601050405_21v3, 세분류는 가스메탈아크용접이다.",ability-requirement-00110,NCS 능력 요구사항,용접,,,,,1601050405_21v3,구조화원본,직종별_능력요건.csv
"직종 용접의 NCS 능력은 가스메탈아크용접 결함부 보수용접 작업이며 NCS 코드는 1601050408_21v3, 세분류는 가스메탈아크용접이다.",ability-requirement-00111,NCS 능력 요구사항,용접,,,,,1601050408_21v3,구조화원본,직종별_능력요건.csv
"직종 용접의 NCS 능력은 가스메탈아크용접 도면해독이며 NCS 코드는 1601050402_21v3, 세분류는 가스메탈아크용접이다.",ability-requirement-00112,NCS 능력 요구사항,용접,,,,,1601050402_21v3,구조화원본,직종별_능력요건.csv
"직종 용접의 NCS 능력은 가스메탈아크용접 맞대기용접이며 NCS 코드는 1601050411_21v3, 세분류는 가스메탈아크용접이다.",ability-requirement-00113,NCS 능력 요구사항,용접,,,,,1601050411_21v3,구조화원본,직종별_능력요건.csv
"직종 용접의 NCS 능력은 가스메탈아크용접 비드쌓기이며 NCS 코드는 1601050410_21v3, 세분류는 가스메탈아크용접이다.",ability-requirement-00114,NCS 능력 요구사항,용접,,,,,1601050410_21v3,구조화원본,직종별_능력요건.csv
"직종 용접의 NCS 능력은 가스메탈아크용접 장비설치이며 NCS 코드는 1601050404_21v2, 세분류는 가스메탈아크용접이다.",ability-requirement-00115,NCS 능력 요구사항,용접,,,,,1601050404_21v2,구조화원본,직종별_능력요건.csv
"직종 용접의 NCS 능력은 가스메탈아크용접 재료준비이며 NCS 코드는 1601050403_21v2, 세분류는 가스메탈아크용접이다.",ability-requirement-00116,NCS 능력 요구사항,용접,,,,,1601050403_21v2,구조화원본,직종별_능력요건.csv
"직종 용접의 NCS 능력은 가스메탈아크용접 파이프용접이며 NCS 코드는 1601050413_21v3, 세분류는 가스메탈아크용접이다.",ability-requirement-00117,NCS 능력 요구사항,용접,,,,,1601050413_21v3,구조화원본,직종별_능력요건.csv
"직종 용접의 NCS 능력은 가스메탈아크용접 필릿용접이며 NCS 코드는 1601050412_21v3, 세분류는 가스메탈아크용접이다.",ability-requirement-00118,NCS 능력 요구사항,용접,,,,,1601050412_21v3,구조화원본,직종별_능력요건.csv
"직종 용접의 NCS 능력은 가스메탈아크용접부 검사이며 NCS 코드는 1601050407_21v2, 세분류는 가스메탈아크용접이다.",ability-requirement-00119,NCS 능력 요구사항,용접,,,,,1601050407_21v2,구조화원본,직종별_능력요건.csv
"직종 용접의 NCS 능력은 가스텅스텐아크용접 가용접 작업이며 NCS 코드는 1601050305_21v4, 세분류는 가스텅스텐아크용접이다.",ability-requirement-00120,NCS 능력 요구사항,용접,,,,,1601050305_21v4,구조화원본,직종별_능력요건.csv
"직종 용접의 NCS 능력은 가스텅스텐아크용접 결함부 보수용접 작업이며 NCS 코드는 1601050308_21v4, 세분류는 가스텅스텐아크용접이다.",ability-requirement-00121,NCS 능력 요구사항,용접,,,,,1601050308_21v4,구조화원본,직종별_능력요건.csv
"직종 용접의 NCS 능력은 가스텅스텐아크용접 도면해독이며 NCS 코드는 1601050302_21v4, 세분류는 가스텅스텐아크용접이다.",ability-requirement-00122,NCS 능력 요구사항,용접,,,,,1601050302_21v4,구조화원본,직종별_능력요건.csv
"직종 용접의 NCS 능력은 가스텅스텐아크용접 맞대기용접이며 NCS 코드는 1601050311_21v4, 세분류는 가스텅스텐아크용접이다.",ability-requirement-00123,NCS 능력 요구사항,용접,,,,,1601050311_21v4,구조화원본,직종별_능력요건.csv
"직종 용접의 NCS 능력은 가스텅스텐아크용접 비드쌓기이며 NCS 코드는 1601050310_21v4, 세분류는 가스텅스텐아크용접이다.",ability-requirement-00124,NCS 능력 요구사항,용접,,,,,1601050310_21v4,구조화원본,직종별_능력요건.csv
"직종 용접의 NCS 능력은 가스텅스텐아크용접 장비설치이며 NCS 코드는 1601050304_21v3, 세분류는 가스텅스텐아크용접이다.",ability-requirement-00125,NCS 능력 요구사항,용접,,,,,1601050304_21v3,구조화원본,직종별_능력요건.csv
"직종 용접의 NCS 능력은 가스텅스텐아크용접 재료준비이며 NCS 코드는 1601050303_21v3, 세분류는 가스텅스텐아크용접이다.",ability-requirement-00126,NCS 능력 요구사항,용접,,,,,1601050303_21v3,구조화원본,직종별_능력요건.csv
"직종 용접의 NCS 능력은 가스텅스텐아크용접 파이프용접이며 NCS 코드는 1601050313_21v4, 세분류는 가스텅스텐아크용접이다.",ability-requirement-00127,NCS 능력 요구사항,용접,,,,,1601050313_21v4,구조화원본,직종별_능력요건.csv
"직종 용접의 NCS 능력은 가스텅스텐아크용접 필릿용접이며 NCS 코드는 1601050312_21v4, 세분류는 가스텅스텐아크용접이다.",ability-requirement-00128,NCS 능력 요구사항,용접,,,,,1601050312_21v4,구조화원본,직종별_능력요건.csv
"직종 용접의 NCS 능력은 가스텅스텐아크용접부 검사이며 NCS 코드는 1601050307_21v3, 세분류는 가스텅스텐아크용접이다.",ability-requirement-00129,NCS 능력 요구사항,용접,,,,,1601050307_21v3,구조화원본,직종별_능력요건.csv
"직종 용접의 NCS 능력은 서브머지드아크용접 후열 및 용접 후처리 작업이며 NCS 코드는 1601050516_21v3, 세분류는 서브머지드아크용접이다.",ability-requirement-00130,NCS 능력 요구사항,용접,,,,,1601050516_21v3,구조화원본,직종별_능력요건.csv
"직종 용접의 NCS 능력은 서브머지드아크용접부 검사이며 NCS 코드는 1601050507_21v2, 세분류는 서브머지드아크용접이다.",ability-requirement-00131,NCS 능력 요구사항,용접,,,,,1601050507_21v2,구조화원본,직종별_능력요건.csv
"직종 용접의 NCS 능력은 가스용접이며 NCS 코드는 1601050004_21v1, 세분류는 용접공통직무이다.",ability-requirement-00132,NCS 능력 요구사항,용접,,,,,1601050004_21v1,구조화원본,직종별_능력요건.csv
"직종 용접의 NCS 능력은 저항용접부 검사이며 NCS 코드는 1601050708_22v1, 세분류는 저항용접이다.",ability-requirement-00133,NCS 능력 요구사항,용접,,,,,1601050708_22v1,구조화원본,직종별_능력요건.csv
"직종 용접의 NCS 능력은 피복아크용접 가용접 작업이며 NCS 코드는 1601050105_21v3, 세분류는 피복아크용접이다.",ability-requirement-00134,NCS 능력 요구사항,용접,,,,,1601050105_21v3,구조화원본,직종별_능력요건.csv
"직종 용접의 NCS 능력은 피복아크용접 결함부 보수용접 작업이며 NCS 코드는 1601050108_21v3, 세분류는 피복아크용접이다.",ability-requirement-00135,NCS 능력 요구사항,용접,,,,,1601050108_21v3,구조화원본,직종별_능력요건.csv
"직종 용접의 NCS 능력은 피복아크용접 도면해독이며 NCS 코드는 1601050102_21v3, 세분류는 피복아크용접이다.",ability-requirement-00136,NCS 능력 요구사항,용접,,,,,1601050102_21v3,구조화원본,직종별_능력요건.csv
"직종 용접의 NCS 능력은 피복아크용접 맞대기용접이며 NCS 코드는 1601050111_21v3, 세분류는 피복아크용접이다.",ability-requirement-00137,NCS 능력 요구사항,용접,,,,,1601050111_21v3,구조화원본,직종별_능력요건.csv
"직종 용접의 NCS 능력은 피복아크용접 비드쌓기이며 NCS 코드는 1601050110_21v3, 세분류는 피복아크용접이다.",ability-requirement-00138,NCS 능력 요구사항,용접,,,,,1601050110_21v3,구조화원본,직종별_능력요건.csv
"직종 용접의 NCS 능력은 피복아크용접 장비설치이며 NCS 코드는 1601050104_21v2, 세분류는 피복아크용접이다.",ability-requirement-00139,NCS 능력 요구사항,용접,,,,,1601050104_21v2,구조화원본,직종별_능력요건.csv
"직종 용접의 NCS 능력은 피복아크용접 재료준비이며 NCS 코드는 1601050103_21v3, 세분류는 피복아크용접이다.",ability-requirement-00140,NCS 능력 요구사항,용접,,,,,1601050103_21v3,구조화원본,직종별_능력요건.csv
"직종 용접의 NCS 능력은 피복아크용접 파이프용접이며 NCS 코드는 1601050113_21v3, 세분류는 피복아크용접이다.",ability-requirement-00141,NCS 능력 요구사항,용접,,,,,1601050113_21v3,구조화원본,직종별_능력요건.csv
"직종 용접의 NCS 능력은 피복아크용접 필릿용접이며 NCS 코드는 1601050112_21v3, 세분류는 피복아크용접이다.",ability-requirement-00142,NCS 능력 요구사항,용접,,,,,1601050112_21v3,구조화원본,직종별_능력요건.csv
"직종 용접의 NCS 능력은 피복아크용접부 검사이며 NCS 코드는 1601050107_21v3, 세분류는 피복아크용접이다.",ability-requirement-00143,NCS 능력 요구사항,용접,,,,,1601050107_21v3,구조화원본,직종별_능력요건.csv
"직종 건설기계운전의 NCS 능력은 깎기이며 NCS 코드는 1407010606_16v2, 세분류는 굴착기운전이다.",ability-requirement-00144,NCS 능력 요구사항,건설기계운전,,,,,1407010606_16v2,구조화원본,직종별_능력요건.csv
"직종 건설기계운전의 NCS 능력은 메우기이며 NCS 코드는 1407010608_16v2, 세분류는 굴착기운전이다.",ability-requirement-00145,NCS 능력 요구사항,건설기계운전,,,,,1407010608_16v2,구조화원본,직종별_능력요건.csv
"직종 건설기계운전의 NCS 능력은 선택장치 작업이며 NCS 코드는 1407010609_22v3, 세분류는 굴착기운전이다.",ability-requirement-00146,NCS 능력 요구사항,건설기계운전,,,,,1407010609_22v3,구조화원본,직종별_능력요건.csv
"직종 건설기계운전의 NCS 능력은 쌓기이며 NCS 코드는 1407010607_16v2, 세분류는 굴착기운전이다.",ability-requirement-00147,NCS 능력 요구사항,건설기계운전,,,,,1407010607_16v2,구조화원본,직종별_능력요건.csv
"직종 건설기계운전의 NCS 능력은 안전ᆞ환경관리이며 NCS 코드는 1407010610_16v2, 세분류는 굴착기운전이다.",ability-requirement-00148,NCS 능력 요구사항,건설기계운전,,,,,1407010610_16v2,구조화원본,직종별_능력요건.csv
"직종 건설기계운전의 NCS 능력은 운전 전 점검이며 NCS 코드는 1407010602_16v2, 세분류는 굴착기운전이다.",ability-requirement-00149,NCS 능력 요구사항,건설기계운전,,,,,1407010602_16v2,구조화원본,직종별_능력요건.csv
"직종 건설기계운전의 NCS 능력은 작업 후 점검이며 NCS 코드는 1407010611_16v2, 세분류는 굴착기운전이다.",ability-requirement-00150,NCS 능력 요구사항,건설기계운전,,,,,1407010611_16v2,구조화원본,직종별_능력요건.csv
"직종 건설기계운전의 NCS 능력은 작업상황 파악이며 NCS 코드는 1407010601_16v2, 세분류는 굴착기운전이다.",ability-requirement-00151,NCS 능력 요구사항,건설기계운전,,,,,1407010601_16v2,구조화원본,직종별_능력요건.csv
"직종 건설기계운전의 NCS 능력은 장비 시운전이며 NCS 코드는 1407010603_16v2, 세분류는 굴착기운전이다.",ability-requirement-00152,NCS 능력 요구사항,건설기계운전,,,,,1407010603_16v2,구조화원본,직종별_능력요건.csv
"직종 건설기계운전의 NCS 능력은 주행이며 NCS 코드는 1407010604_16v2, 세분류는 굴착기운전이다.",ability-requirement-00153,NCS 능력 요구사항,건설기계운전,,,,,1407010604_16v2,구조화원본,직종별_능력요건.csv
"직종 건설기계운전의 NCS 능력은 터파기이며 NCS 코드는 1407010613_22v3, 세분류는 굴착기운전이다.",ability-requirement-00154,NCS 능력 요구사항,건설기계운전,,,,,1407010613_22v3,구조화원본,직종별_능력요건.csv
"직종 건설기계운전의 NCS 능력은 신호체계 확인이며 NCS 코드는 1407050105_24v3, 세분류는 기중기운전(이동식크레인조종)이다.",ability-requirement-00155,NCS 능력 요구사항,건설기계운전,,,,,1407050105_24v3,구조화원본,직종별_능력요건.csv
"직종 건설기계운전의 NCS 능력은 인양작업이며 NCS 코드는 1407050106_24v3, 세분류는 기중기운전(이동식크레인조종)이다.",ability-requirement-00156,NCS 능력 요구사항,건설기계운전,,,,,1407050106_24v3,구조화원본,직종별_능력요건.csv
"직종 건설기계운전의 NCS 능력은 작업 전 안전교육이며 NCS 코드는 1407050103_24v3, 세분류는 기중기운전(이동식크레인조종)이다.",ability-requirement-00157,NCS 능력 요구사항,건설기계운전,,,,,1407050103_24v3,구조화원본,직종별_능력요건.csv
"직종 건설기계운전의 NCS 능력은 작업 전 장비조립·점검이며 NCS 코드는 1407050104_24v3, 세분류는 기중기운전(이동식크레인조종)이다.",ability-requirement-00158,NCS 능력 요구사항,건설기계운전,,,,,1407050104_24v3,구조화원본,직종별_능력요건.csv
"직종 건설기계운전의 NCS 능력은 작업 후 장비점검·안전조치이며 NCS 코드는 1407050112_24v3, 세분류는 기중기운전(이동식크레인조종)이다.",ability-requirement-00159,NCS 능력 요구사항,건설기계운전,,,,,1407050112_24v3,구조화원본,직종별_능력요건.csv
"직종 건설기계운전의 NCS 능력은 작업내용 확인이며 NCS 코드는 1407050102_24v3, 세분류는 기중기운전(이동식크레인조종)이다.",ability-requirement-00160,NCS 능력 요구사항,건설기계운전,,,,,1407050102_24v3,구조화원본,직종별_능력요건.csv
"직종 건설기계운전의 NCS 능력은 작업일보 작성이며 NCS 코드는 1407050111_24v3, 세분류는 기중기운전(이동식크레인조종)이다.",ability-requirement-00161,NCS 능력 요구사항,건설기계운전,,,,,1407050111_24v3,구조화원본,직종별_능력요건.csv
"직종 건설기계운전의 NCS 능력은 장비 이동이며 NCS 코드는 1407050101_24v3, 세분류는 기중기운전(이동식크레인조종)이다.",ability-requirement-00162,NCS 능력 요구사항,건설기계운전,,,,,1407050101_24v3,구조화원본,직종별_능력요건.csv
"직종 건설기계운전의 NCS 능력은 장비 해체·철수이며 NCS 코드는 1407050110_24v3, 세분류는 기중기운전(이동식크레인조종)이다.",ability-requirement-00163,NCS 능력 요구사항,건설기계운전,,,,,1407050110_24v3,구조화원본,직종별_능력요건.csv
"직종 건설기계운전의 NCS 능력은 특정작업장치 작업이며 NCS 코드는 1407050107_24v3, 세분류는 기중기운전(이동식크레인조종)이다.",ability-requirement-00164,NCS 능력 요구사항,건설기계운전,,,,,1407050107_24v3,구조화원본,직종별_능력요건.csv
"직종 건설기계운전의 NCS 능력은 로더 상차이며 NCS 코드는 1407010505_19v2, 세분류는 로더운전이다.",ability-requirement-00165,NCS 능력 요구사항,건설기계운전,,,,,1407010505_19v2,구조화원본,직종별_능력요건.csv
"직종 건설기계운전의 NCS 능력은 로더 선택장치 작업이며 NCS 코드는 1407010508_19v2, 세분류는 로더운전이다.",ability-requirement-00166,NCS 능력 요구사항,건설기계운전,,,,,1407010508_19v2,구조화원본,직종별_능력요건.csv
"직종 건설기계운전의 NCS 능력은 로더 소운반이며 NCS 코드는 1407010506_19v2, 세분류는 로더운전이다.",ability-requirement-00167,NCS 능력 요구사항,건설기계운전,,,,,1407010506_19v2,구조화원본,직종별_능력요건.csv
"직종 건설기계운전의 NCS 능력은 로더 시운전이며 NCS 코드는 1407010503_19v2, 세분류는 로더운전이다.",ability-requirement-00168,NCS 능력 요구사항,건설기계운전,,,,,1407010503_19v2,구조화원본,직종별_능력요건.csv
"직종 건설기계운전의 NCS 능력은 로더 안전ᆞ환경관리이며 NCS 코드는 1407010509_19v2, 세분류는 로더운전이다.",ability-requirement-00169,NCS 능력 요구사항,건설기계운전,,,,,1407010509_19v2,구조화원본,직종별_능력요건.csv
"직종 건설기계운전의 NCS 능력은 로더 운전 전 점검이며 NCS 코드는 1407010502_19v2, 세분류는 로더운전이다.",ability-requirement-00170,NCS 능력 요구사항,건설기계운전,,,,,1407010502_19v2,구조화원본,직종별_능력요건.csv
"직종 건설기계운전의 NCS 능력은 로더 이동이며 NCS 코드는 1407010504_19v2, 세분류는 로더운전이다.",ability-requirement-00171,NCS 능력 요구사항,건설기계운전,,,,,1407010504_19v2,구조화원본,직종별_능력요건.csv
"직종 건설기계운전의 NCS 능력은 로더 작업 후 점검이며 NCS 코드는 1407010510_19v2, 세분류는 로더운전이다.",ability-requirement-00172,NCS 능력 요구사항,건설기계운전,,,,,1407010510_19v2,구조화원본,직종별_능력요건.csv
"직종 건설기계운전의 NCS 능력은 로더 작업상황 파악이며 NCS 코드는 1407010501_19v2, 세분류는 로더운전이다.",ability-requirement-00173,NCS 능력 요구사항,건설기계운전,,,,,1407010501_19v2,구조화원본,직종별_능력요건.csv
"직종 건설기계운전의 NCS 능력은 로더 평탄작업이며 NCS 코드는 1407010507_19v2, 세분류는 로더운전이다.",ability-requirement-00174,NCS 능력 요구사항,건설기계운전,,,,,1407010507_19v2,구조화원본,직종별_능력요건.csv
"직종 건설기계운전의 NCS 능력은 롤러 안전관리이며 NCS 코드는 1407010310_19v2, 세분류는 롤러운전이다.",ability-requirement-00175,NCS 능력 요구사항,건설기계운전,,,,,1407010310_19v2,구조화원본,직종별_능력요건.csv
"직종 건설기계운전의 NCS 능력은 머캐덤롤러 조종이며 NCS 코드는 1407010305_19v2, 세분류는 롤러운전이다.",ability-requirement-00176,NCS 능력 요구사항,건설기계운전,,,,,1407010305_19v2,구조화원본,직종별_능력요건.csv
"직종 건설기계운전의 NCS 능력은 아스콘 다짐작업이며 NCS 코드는 1407010312_19v2, 세분류는 롤러운전이다.",ability-requirement-00177,NCS 능력 요구사항,건설기계운전,,,,,1407010312_19v2,구조화원본,직종별_능력요건.csv
"직종 건설기계운전의 NCS 능력은 작업 전 장비점검이며 NCS 코드는 1407010302_19v2, 세분류는 롤러운전이다.",ability-requirement-00178,NCS 능력 요구사항,건설기계운전,,,,,1407010302_19v2,구조화원본,직종별_능력요건.csv
"직종 건설기계운전의 NCS 능력은 작업 후 점검이며 NCS 코드는 1407010309_19v2, 세분류는 롤러운전이다.",ability-requirement-00179,NCS 능력 요구사항,건설기계운전,,,,,1407010309_19v2,구조화원본,직종별_능력요건.csv
"직종 건설기계운전의 NCS 능력은 작업조건 파악이며 NCS 코드는 1407010301_19v2, 세분류는 롤러운전이다.",ability-requirement-00180,NCS 능력 요구사항,건설기계운전,,,,,1407010301_19v2,구조화원본,직종별_능력요건.csv
"직종 건설기계운전의 NCS 능력은 진동롤러 조종이며 NCS 코드는 1407010303_19v2, 세분류는 롤러운전이다.",ability-requirement-00181,NCS 능력 요구사항,건설기계운전,,,,,1407010303_19v2,구조화원본,직종별_능력요건.csv
"직종 건설기계운전의 NCS 능력은 콤비롤러 조종이며 NCS 코드는 1407010307_19v2, 세분류는 롤러운전이다.",ability-requirement-00182,NCS 능력 요구사항,건설기계운전,,,,,1407010307_19v2,구조화원본,직종별_능력요건.csv
"직종 건설기계운전의 NCS 능력은 타이어롤러 조종이며 NCS 코드는 1407010304_19v2, 세분류는 롤러운전이다.",ability-requirement-00183,NCS 능력 요구사항,건설기계운전,,,,,1407010304_19v2,구조화원본,직종별_능력요건.csv
"직종 건설기계운전의 NCS 능력은 탠덤롤러 조종이며 NCS 코드는 1407010306_19v2, 세분류는 롤러운전이다.",ability-requirement-00184,NCS 능력 요구사항,건설기계운전,,,,,1407010306_19v2,구조화원본,직종별_능력요건.csv
"직종 건설기계운전의 NCS 능력은 토사·골재 다짐작업이며 NCS 코드는 1407010311_19v2, 세분류는 롤러운전이다.",ability-requirement-00185,NCS 능력 요구사항,건설기계운전,,,,,1407010311_19v2,구조화원본,직종별_능력요건.csv
"직종 건설기계운전의 NCS 능력은 골재 포설 작업이며 NCS 코드는 1407010108_19v2, 세분류는 모터그레이더운전이다.",ability-requirement-00186,NCS 능력 요구사항,건설기계운전,,,,,1407010108_19v2,구조화원본,직종별_능력요건.csv
"직종 건설기계운전의 NCS 능력은 기능 점검이며 NCS 코드는 1407010104_19v2, 세분류는 모터그레이더운전이다.",ability-requirement-00187,NCS 능력 요구사항,건설기계운전,,,,,1407010104_19v2,구조화원본,직종별_능력요건.csv
"직종 건설기계운전의 NCS 능력은 기타 작업이며 NCS 코드는 1407010109_19v2, 세분류는 모터그레이더운전이다.",ability-requirement-00188,NCS 능력 요구사항,건설기계운전,,,,,1407010109_19v2,구조화원본,직종별_능력요건.csv
"직종 건설기계운전의 NCS 능력은 안전 점검이며 NCS 코드는 1407010102_19v2, 세분류는 모터그레이더운전이다.",ability-requirement-00189,NCS 능력 요구사항,건설기계운전,,,,,1407010102_19v2,구조화원본,직종별_능력요건.csv
"직종 건설기계운전의 NCS 능력은 운전 전 점검이며 NCS 코드는 1407010103_19v2, 세분류는 모터그레이더운전이다.",ability-requirement-00190,NCS 능력 요구사항,건설기계운전,,,,,1407010103_19v2,구조화원본,직종별_능력요건.csv
"직종 건설기계운전의 NCS 능력은 운전 중 점검이며 NCS 코드는 1407010105_19v2, 세분류는 모터그레이더운전이다.",ability-requirement-00191,NCS 능력 요구사항,건설기계운전,,,,,1407010105_19v2,구조화원본,직종별_능력요건.csv
"직종 건설기계운전의 NCS 능력은 작업 후 점검이며 NCS 코드는 1407010110_19v2, 세분류는 모터그레이더운전이다.",ability-requirement-00192,NCS 능력 요구사항,건설기계운전,,,,,1407010110_19v2,구조화원본,직종별_능력요건.csv
"직종 건설기계운전의 NCS 능력은 작업계획 수립이며 NCS 코드는 1407010106_19v2, 세분류는 모터그레이더운전이다.",ability-requirement-00193,NCS 능력 요구사항,건설기계운전,,,,,1407010106_19v2,구조화원본,직종별_능력요건.csv
"직종 건설기계운전의 NCS 능력은 장비구조 파악이며 NCS 코드는 1407010101_19v2, 세분류는 모터그레이더운전이다.",ability-requirement-00194,NCS 능력 요구사항,건설기계운전,,,,,1407010101_19v2,구조화원본,직종별_능력요건.csv
"직종 건설기계운전의 NCS 능력은 토사 포설 작업이며 NCS 코드는 1407010107_19v2, 세분류는 모터그레이더운전이다.",ability-requirement-00195,NCS 능력 요구사항,건설기계운전,,,,,1407010107_19v2,구조화원본,직종별_능력요건.csv
"직종 건설기계운전의 NCS 능력은 사후관리이며 NCS 코드는 1407010409_19v2, 세분류는 불도저운전이다.",ability-requirement-00196,NCS 능력 요구사항,건설기계운전,,,,,1407010409_19v2,구조화원본,직종별_능력요건.csv
"직종 건설기계운전의 NCS 능력은 안전관리이며 NCS 코드는 1407010404_19v2, 세분류는 불도저운전이다.",ability-requirement-00197,NCS 능력 요구사항,건설기계운전,,,,,1407010404_19v2,구조화원본,직종별_능력요건.csv
"직종 건설기계운전의 NCS 능력은 운용관리이며 NCS 코드는 1407010410_19v2, 세분류는 불도저운전이다.",ability-requirement-00198,NCS 능력 요구사항,건설기계운전,,,,,1407010410_19v2,구조화원본,직종별_능력요건.csv
"직종 건설기계운전의 NCS 능력은 작업 전 점검이며 NCS 코드는 1407010405_19v2, 세분류는 불도저운전이다.",ability-requirement-00199,NCS 능력 요구사항,건설기계운전,,,,,1407010405_19v2,구조화원본,직종별_능력요건.csv
"직종 건설기계운전의 NCS 능력은 작업 중 점검이며 NCS 코드는 1407010407_19v2, 세분류는 불도저운전이다.",ability-requirement-00200,NCS 능력 요구사항,건설기계운전,,,,,1407010407_19v2,구조화원본,직종별_능력요건.csv
"직종 건설기계운전의 NCS 능력은 작업 후 점검이며 NCS 코드는 1407010408_19v2, 세분류는 불도저운전이다.",ability-requirement-00201,NCS 능력 요구사항,건설기계운전,,,,,1407010408_19v2,구조화원본,직종별_능력요건.csv
"직종 건설기계운전의 NCS 능력은 작업계획 수립이며 NCS 코드는 1407010403_19v2, 세분류는 불도저운전이다.",ability-requirement-00202,NCS 능력 요구사항,건설기계운전,,,,,1407010403_19v2,구조화원본,직종별_능력요건.csv
"직종 건설기계운전의 NCS 능력은 작업하기이며 NCS 코드는 1407010406_19v2, 세분류는 불도저운전이다.",ability-requirement-00203,NCS 능력 요구사항,건설기계운전,,,,,1407010406_19v2,구조화원본,직종별_능력요건.csv
"직종 건설기계운전의 NCS 능력은 장비구조·기능이며 NCS 코드는 1407010411_19v2, 세분류는 불도저운전이다.",ability-requirement-00204,NCS 능력 요구사항,건설기계운전,,,,,1407010411_19v2,구조화원본,직종별_능력요건.csv
"직종 건설기계운전의 NCS 능력은 아스팔트피니셔 기본 조작이며 NCS 코드는 1407010202_19v2, 세분류는 아스팔트피니셔운전이다.",ability-requirement-00205,NCS 능력 요구사항,건설기계운전,,,,,1407010202_19v2,구조화원본,직종별_능력요건.csv
"직종 건설기계운전의 NCS 능력은 안전관리이며 NCS 코드는 1407010210_19v2, 세분류는 아스팔트피니셔운전이다.",ability-requirement-00206,NCS 능력 요구사항,건설기계운전,,,,,1407010210_19v2,구조화원본,직종별_능력요건.csv
"직종 건설기계운전의 NCS 능력은 포설 작업이며 NCS 코드는 1407010206_19v2, 세분류는 아스팔트피니셔운전이다.",ability-requirement-00207,NCS 능력 요구사항,건설기계운전,,,,,1407010206_19v2,구조화원본,직종별_능력요건.csv
"직종 건설기계운전의 NCS 능력은 포설 작업 상황 파악이며 NCS 코드는 1407010203_19v2, 세분류는 아스팔트피니셔운전이다.",ability-requirement-00208,NCS 능력 요구사항,건설기계운전,,,,,1407010203_19v2,구조화원본,직종별_능력요건.csv
"직종 건설기계운전의 NCS 능력은 포설 작업 전 장비 점검이며 NCS 코드는 1407010204_19v2, 세분류는 아스팔트피니셔운전이다.",ability-requirement-00209,NCS 능력 요구사항,건설기계운전,,,,,1407010204_19v2,구조화원본,직종별_능력요건.csv
"직종 건설기계운전의 NCS 능력은 포설 작업 준비이며 NCS 코드는 1407010205_19v2, 세분류는 아스팔트피니셔운전이다.",ability-requirement-00210,NCS 능력 요구사항,건설기계운전,,,,,1407010205_19v2,구조화원본,직종별_능력요건.csv
"직종 건설기계운전의 NCS 능력은 포설 작업 후 점검이며 NCS 코드는 1407010208_19v2, 세분류는 아스팔트피니셔운전이다.",ability-requirement-00211,NCS 능력 요구사항,건설기계운전,,,,,1407010208_19v2,구조화원본,직종별_능력요건.csv
"직종 건설기계운전의 NCS 능력은 후속 작업 준비이며 NCS 코드는 1407010209_19v2, 세분류는 아스팔트피니셔운전이다.",ability-requirement-00212,NCS 능력 요구사항,건설기계운전,,,,,1407010209_19v2,구조화원본,직종별_능력요건.csv
"직종 건설기계운전의 NCS 능력은 골재 선별작업이며 NCS 코드는 1407010721_16v1, 세분류는 준설선운전이다.",ability-requirement-00213,NCS 능력 요구사항,건설기계운전,,,,,1407010721_16v1,구조화원본,직종별_능력요건.csv
"직종 건설기계운전의 NCS 능력은 골재 선별작업 전 점검이며 NCS 코드는 1407010720_16v1, 세분류는 준설선운전이다.",ability-requirement-00214,NCS 능력 요구사항,건설기계운전,,,,,1407010720_16v1,구조화원본,직종별_능력요건.csv
"직종 건설기계운전의 NCS 능력은 그래브식 준설선 이동작업이며 NCS 코드는 1407010716_22v3, 세분류는 준설선운전이다.",ability-requirement-00215,NCS 능력 요구사항,건설기계운전,,,,,1407010716_22v3,구조화원본,직종별_능력요건.csv
"직종 건설기계운전의 NCS 능력은 그래브식 준설선 작업이며 NCS 코드는 1407010717_22v3, 세분류는 준설선운전이다.",ability-requirement-00216,NCS 능력 요구사항,건설기계운전,,,,,1407010717_22v3,구조화원본,직종별_능력요건.csv
"직종 건설기계운전의 NCS 능력은 보조 작업장치 점검이며 NCS 코드는 1407010703_16v2, 세분류는 준설선운전이다.",ability-requirement-00217,NCS 능력 요구사항,건설기계운전,,,,,1407010703_16v2,구조화원본,직종별_능력요건.csv
"직종 건설기계운전의 NCS 능력은 송토관 설치작업이며 NCS 코드는 1407010708_16v2, 세분류는 준설선운전이다.",ability-requirement-00218,NCS 능력 요구사항,건설기계운전,,,,,1407010708_16v2,구조화원본,직종별_능력요건.csv
"직종 건설기계운전의 NCS 능력은 스윙앵커 이동작업이며 NCS 코드는 1407010715_16v2, 세분류는 준설선운전이다.",ability-requirement-00219,NCS 능력 요구사항,건설기계운전,,,,,1407010715_16v2,구조화원본,직종별_능력요건.csv
"직종 건설기계운전의 NCS 능력은 안전대책 수립이며 NCS 코드는 1407010710_22v3, 세분류는 준설선운전이다.",ability-requirement-00220,NCS 능력 요구사항,건설기계운전,,,,,1407010710_22v3,구조화원본,직종별_능력요건.csv
"직종 건설기계운전의 NCS 능력은 주 작업장치 점검이며 NCS 코드는 1407010702_16v2, 세분류는 준설선운전이다.",ability-requirement-00221,NCS 능력 요구사항,건설기계운전,,,,,1407010702_16v2,구조화원본,직종별_능력요건.csv
"직종 건설기계운전의 NCS 능력은 준설작업 준비이며 NCS 코드는 1407010701_16v2, 세분류는 준설선운전이다.",ability-requirement-00222,NCS 능력 요구사항,건설기계운전,,,,,1407010701_16v2,구조화원본,직종별_능력요건.csv
"직종 건설기계운전의 NCS 능력은 펌프 해체·조립이며 NCS 코드는 1407010723_22v3, 세분류는 준설선운전이다.",ability-requirement-00223,NCS 능력 요구사항,건설기계운전,,,,,1407010723_22v3,구조화원본,직종별_능력요건.csv
"직종 건설기계운전의 NCS 능력은 펌프식 준설선 이동작업이며 NCS 코드는 1407010714_22v3, 세분류는 준설선운전이다.",ability-requirement-00224,NCS 능력 요구사항,건설기계운전,,,,,1407010714_22v3,구조화원본,직종별_능력요건.csv
"직종 건설기계운전의 NCS 능력은 펌프식 준설선 작업이며 NCS 코드는 1407010722_22v3, 세분류는 준설선운전이다.",ability-requirement-00225,NCS 능력 요구사항,건설기계운전,,,,,1407010722_22v3,구조화원본,직종별_능력요건.csv
"직종 건설기계운전의 NCS 능력은 펌프식 준설선 작업준비이며 NCS 코드는 1407010711_22v3, 세분류는 준설선운전이다.",ability-requirement-00226,NCS 능력 요구사항,건설기계운전,,,,,1407010711_22v3,구조화원본,직종별_능력요건.csv
"직종 건설기계운전의 NCS 능력은 호퍼식 준설선 작업이며 NCS 코드는 1407010707_22v3, 세분류는 준설선운전이다.",ability-requirement-00227,NCS 능력 요구사항,건설기계운전,,,,,1407010707_22v3,구조화원본,직종별_능력요건.csv
"직종 건설기계운전의 NCS 능력은 도로주행이며 NCS 코드는 1407040116_16v2, 세분류는 지게차운전이다.",ability-requirement-00228,NCS 능력 요구사항,건설기계운전,,,,,1407040116_16v2,구조화원본,직종별_능력요건.csv
"직종 건설기계운전의 NCS 능력은 사후유지관리이며 NCS 코드는 1407040109_16v2, 세분류는 지게차운전이다.",ability-requirement-00229,NCS 능력 요구사항,건설기계운전,,,,,1407040109_16v2,구조화원본,직종별_능력요건.csv
"직종 건설기계운전의 NCS 능력은 안전관리이며 NCS 코드는 1407040104_16v2, 세분류는 지게차운전이다.",ability-requirement-00230,NCS 능력 요구사항,건설기계운전,,,,,1407040104_16v2,구조화원본,직종별_능력요건.csv
"직종 건설기계운전의 NCS 능력은 운전시야확보이며 NCS 코드는 1407040115_16v2, 세분류는 지게차운전이다.",ability-requirement-00231,NCS 능력 요구사항,건설기계운전,,,,,1407040115_16v2,구조화원본,직종별_능력요건.csv
"직종 건설기계운전의 NCS 능력은 응급대처이며 NCS 코드는 1407040117_16v2, 세분류는 지게차운전이다.",ability-requirement-00232,NCS 능력 요구사항,건설기계운전,,,,,1407040117_16v2,구조화원본,직종별_능력요건.csv
"직종 건설기계운전의 NCS 능력은 작업 전 점검이며 NCS 코드는 1407040106_16v2, 세분류는 지게차운전이다.",ability-requirement-00233,NCS 능력 요구사항,건설기계운전,,,,,1407040106_16v2,구조화원본,직종별_능력요건.csv
"직종 건설기계운전의 NCS 능력은 작업 후 점검이며 NCS 코드는 1407040108_16v2, 세분류는 지게차운전이다.",ability-requirement-00234,NCS 능력 요구사항,건설기계운전,,,,,1407040108_16v2,구조화원본,직종별_능력요건.csv
"직종 건설기계운전의 NCS 능력은 작업계획 수립이며 NCS 코드는 1407040103_16v2, 세분류는 지게차운전이다.",ability-requirement-00235,NCS 능력 요구사항,건설기계운전,,,,,1407040103_16v2,구조화원본,직종별_능력요건.csv
"직종 건설기계운전의 NCS 능력은 작업장 확인이며 NCS 코드는 1407040105_16v2, 세분류는 지게차운전이다.",ability-requirement-00236,NCS 능력 요구사항,건설기계운전,,,,,1407040105_16v2,구조화원본,직종별_능력요건.csv
"직종 건설기계운전의 NCS 능력은 작업장치 및 주행장치조작이며 NCS 코드는 1407040112_16v2, 세분류는 지게차운전이다.",ability-requirement-00237,NCS 능력 요구사항,건설기계운전,,,,,1407040112_16v2,구조화원본,직종별_능력요건.csv
"직종 건설기계운전의 NCS 능력은 장비구조이며 NCS 코드는 1407040101_16v2, 세분류는 지게차운전이다.",ability-requirement-00238,NCS 능력 요구사항,건설기계운전,,,,,1407040101_16v2,구조화원본,직종별_능력요건.csv
"직종 건설기계운전의 NCS 능력은 핸들 및 레버조작이며 NCS 코드는 1407040111_16v2, 세분류는 지게차운전이다.",ability-requirement-00239,NCS 능력 요구사항,건설기계운전,,,,,1407040111_16v2,구조화원본,직종별_능력요건.csv
"직종 건설기계운전의 NCS 능력은 화물 운반작업이며 NCS 코드는 1407040114_16v2, 세분류는 지게차운전이다.",ability-requirement-00240,NCS 능력 요구사항,건설기계운전,,,,,1407040114_16v2,구조화원본,직종별_능력요건.csv
"직종 건설기계운전의 NCS 능력은 화물 적재 및 하역작업이며 NCS 코드는 1407040113_16v2, 세분류는 지게차운전이다.",ability-requirement-00241,NCS 능력 요구사항,건설기계운전,,,,,1407040113_16v2,구조화원본,직종별_능력요건.csv
"직종 건설기계운전의 NCS 능력은 안전사항 준수이며 NCS 코드는 1407030111_16v2, 세분류는 콘크리트공기계운전이다.",ability-requirement-00242,NCS 능력 요구사항,건설기계운전,,,,,1407030111_16v2,구조화원본,직종별_능력요건.csv
"직종 건설기계운전의 NCS 능력은 압송관 설치작업이며 NCS 코드는 1407030117_16v2, 세분류는 콘크리트공기계운전이다.",ability-requirement-00243,NCS 능력 요구사항,건설기계운전,,,,,1407030117_16v2,구조화원본,직종별_능력요건.csv
"직종 건설기계운전의 NCS 능력은 콘크리트 타설작업이며 NCS 코드는 1407030118_16v2, 세분류는 콘크리트공기계운전이다.",ability-requirement-00244,NCS 능력 요구사항,건설기계운전,,,,,1407030118_16v2,구조화원본,직종별_능력요건.csv
"직종 건설기계운전의 NCS 능력은 콘크리트믹서트럭 기능 파악이며 NCS 코드는 1407030113_16v2, 세분류는 콘크리트공기계운전이다.",ability-requirement-00245,NCS 능력 요구사항,건설기계운전,,,,,1407030113_16v2,구조화원본,직종별_능력요건.csv
"직종 건설기계운전의 NCS 능력은 콘크리트믹서트럭 운반이며 NCS 코드는 1407030119_22v3, 세분류는 콘크리트공기계운전이다.",ability-requirement-00246,NCS 능력 요구사항,건설기계운전,,,,,1407030119_22v3,구조화원본,직종별_능력요건.csv
"직종 건설기계운전의 NCS 능력은 콘크리트믹서트럭 타설 후 관리이며 NCS 코드는 1407030120_22v3, 세분류는 콘크리트공기계운전이다.",ability-requirement-00247,NCS 능력 요구사항,건설기계운전,,,,,1407030120_22v3,구조화원본,직종별_능력요건.csv
"직종 건설기계운전의 NCS 능력은 콘크리트펌프 이동이며 NCS 코드는 1407030108_16v2, 세분류는 콘크리트공기계운전이다.",ability-requirement-00248,NCS 능력 요구사항,건설기계운전,,,,,1407030108_16v2,구조화원본,직종별_능력요건.csv
"직종 건설기계운전의 NCS 능력은 콘크리트펌프 일상점검이며 NCS 코드는 1407030107_16v2, 세분류는 콘크리트공기계운전이다.",ability-requirement-00249,NCS 능력 요구사항,건설기계운전,,,,,1407030107_16v2,구조화원본,직종별_능력요건.csv
"직종 건설기계운전의 NCS 능력은 콘크리트펌프 작동법 파악이며 NCS 코드는 1407030106_16v2, 세분류는 콘크리트공기계운전이다.",ability-requirement-00250,NCS 능력 요구사항,건설기계운전,,,,,1407030106_16v2,구조화원본,직종별_능력요건.csv
"직종 건설기계운전의 NCS 능력은 콘크리트펌프 작업준비이며 NCS 코드는 1407030109_16v2, 세분류는 콘크리트공기계운전이다.",ability-requirement-00251,NCS 능력 요구사항,건설기계운전,,,,,1407030109_16v2,구조화원본,직종별_능력요건.csv
"직종 건설기계운전의 NCS 능력은 환경 사항 준수이며 NCS 코드는 1407030112_16v2, 세분류는 콘크리트공기계운전이다.",ability-requirement-00252,NCS 능력 요구사항,건설기계운전,,,,,1407030112_16v2,구조화원본,직종별_능력요건.csv
"직종 건설기계운전의 NCS 능력은 가동일보 작성이며 NCS 코드는 1407050310_19v2, 세분류는 타워크레인운전(타워크레인조종)이다.",ability-requirement-00253,NCS 능력 요구사항,건설기계운전,,,,,1407050310_19v2,구조화원본,직종별_능력요건.csv
"직종 건설기계운전의 NCS 능력은 설치운전이며 NCS 코드는 1407050305_19v2, 세분류는 타워크레인운전(타워크레인조종)이다.",ability-requirement-00254,NCS 능력 요구사항,건설기계운전,,,,,1407050305_19v2,구조화원본,직종별_능력요건.csv
"직종 건설기계운전의 NCS 능력은 신호체계 확인이며 NCS 코드는 1407050304_19v2, 세분류는 타워크레인운전(타워크레인조종)이다.",ability-requirement-00255,NCS 능력 요구사항,건설기계운전,,,,,1407050304_19v2,구조화원본,직종별_능력요건.csv
"직종 건설기계운전의 NCS 능력은 작업 전 안전교육이며 NCS 코드는 1407050302_19v2, 세분류는 타워크레인운전(타워크레인조종)이다.",ability-requirement-00256,NCS 능력 요구사항,건설기계운전,,,,,1407050302_19v2,구조화원본,직종별_능력요건.csv
"직종 건설기계운전의 NCS 능력은 작업 전 장비점검이며 NCS 코드는 1407050303_19v2, 세분류는 타워크레인운전(타워크레인조종)이다.",ability-requirement-00257,NCS 능력 요구사항,건설기계운전,,,,,1407050303_19v2,구조화원본,직종별_능력요건.csv
"직종 건설기계운전의 NCS 능력은 작업 후 안전조치이며 NCS 코드는 1407050309_19v2, 세분류는 타워크레인운전(타워크레인조종)이다.",ability-requirement-00258,NCS 능력 요구사항,건설기계운전,,,,,1407050309_19v2,구조화원본,직종별_능력요건.csv
"직종 건설기계운전의 NCS 능력은 작업 후 장비점검이며 NCS 코드는 1407050308_19v2, 세분류는 타워크레인운전(타워크레인조종)이다.",ability-requirement-00259,NCS 능력 요구사항,건설기계운전,,,,,1407050308_19v2,구조화원본,직종별_능력요건.csv
"직종 건설기계운전의 NCS 능력은 작업지시 확인이며 NCS 코드는 1407050301_19v2, 세분류는 타워크레인운전(타워크레인조종)이다.",ability-requirement-00260,NCS 능력 요구사항,건설기계운전,,,,,1407050301_19v2,구조화원본,직종별_능력요건.csv
"직종 건설기계운전의 NCS 능력은 중량물 운반이며 NCS 코드는 1407050307_19v2, 세분류는 타워크레인운전(타워크레인조종)이다.",ability-requirement-00261,NCS 능력 요구사항,건설기계운전,,,,,1407050307_19v2,구조화원본,직종별_능력요건.csv
"직종 건설기계운전의 NCS 능력은 해체운전이며 NCS 코드는 1407050306_19v2, 세분류는 타워크레인운전(타워크레인조종)이다.",ability-requirement-00262,NCS 능력 요구사항,건설기계운전,,,,,1407050306_19v2,구조화원본,직종별_능력요건.csv
